page_id	page_title
39823226	Calathus_malacensis
17200443	Dolmen_Towers
9485338	Gospel_quartet
15797871	Fan_Clan
23514841	Lewes_&_Rehoboth_Hundred
6182034	The_Steph_Show
9223326	F._H._Barber_Provincial_Park
34824606	List_of_Canadian_films_of_2011
16105434	Lacapelle-Biron
13390778	Edmar_Halovskyi_de_Lacerda
42797017	Guillermo_del_Valle
27233094	Adam_Sutherland
30428363	Monterrey_Center_for_Higher_Learning_of_Design
8952794	The_Not_Nicomjool_EP
7811564	Windows_Error_Reporting
39494210	Rolandz
22254362	Wäiski
44361236	Spezand_Junction_railway_station
29373487	1926–27_Football_League_Third_Division
24091454	Teclis
39732409	Minuscule_781_(Gregory-Aland)
39345428	Jidhi
16153895	Saint-Même-les-Carrières
29499384	Eufrosina_Cruz
38180520	Pioneer_High_School,_Anand
9551701	2007_NASCAR_Gatorade_Duel_scandal
44523412	Constituency_PS-_128_(Karachi-XXXX)
18452415	List_of_independent_bookstores_in_the_United_States
43647592	Tan_Holdings_FC
34144220	Lee_County_Courthouse_(Arkansas)
11872284	Cersosimo
26662013	Singles_(Despina_Vandi_album)
15678526	List_of_scientists_opposing_the_mainstream_scientific_assessment_of_global_warming/Archive_13
23296567	Taste_It_:_The_Collection
16282414	Seaqaqa_F.C.
16707490	Richard_Edelman
40974901	Seraj_Mahalleh,_Juybar
12781469	Chinese_Hero:_Tales_of_the_Blood_Sword
32744448	Never_Before,_Never_Again!
13829406	Northwich_Infirmary
47250922	Antigua_Least_Gecko
46955109	Template_Infobox_Television
40543891	Bosqueville_High_School
27978719	Western_Scrub-jay
34865485	Who_Made_Who_World_Tour
29454976	Astragalus_inversus
18726728	Driver_licence_in_Australia
11032129	Bemidji,_Minnesota/Comments
15273617	Nicolas_Brignoni
20817932	Medieval_Merchant's_House
16190866	Proust_(disambiguation)
46899267	Última_Esperanza
40063809	Willard_Beach
12782094	Robert_Kempner
24269349	Tony_Shore
25959253	Porvenir,_Chile
29066551	Paraplatyptilia_azteca
42206010	Forse_(song)
13636337	Business_routes_of_Interstate_94_in_Michigan
21131376	Kevin_Barry_(author)
21113102	Kingman_MRA
14246172	Hale,_Colorado
30127287	New_Team_Lotus
25942137	Aeolostoma
36515918	Merriman_Park/University_Manor,_Dallas,_Texas
42808282	Amărăștii
44850721	Daily_Sarhad
14319933	Don_Cutts
16025936	List_of_Rurouni_Kenshin_chapters
18064923	Milan_Stojanović_(Serbian_footballer)
35736175	René_Vermandel
18407090	Bieliszów
16130223	Croth
18438659	Pumpkin
5861221	Tasmanian_Main_Line_Company
33507695	(24720)_1991_SV1
12564987	Sony_Ericsson_P990
37073953	Kalgeh
5366558	That_'70s_Finale
35335475	Hypselobarbus_jerdoni
9743353	1963_National_Invitation_Tournament
9336261	The_Haunted_Monastery
10115034	Akhtal
30695898	Elguja_Medzmariashvili
5384826	Tamuda
14593793	Second_Battle_of_Tembien
29007572	Multi_Group_Stone
10953847	KFMI
29440432	Nachtigal_Peak
25582477	Nikō
2108470	Battle.net
41944507	Eugenia_koordersiana
33890205	Galvinoxyl
20328006	Green_Green
28952504	Rice_black-streaked_dwarf_virus
43588386	Panaque_schaeferi
18016672	Vila-sacra
44238471	Gomorrah_(TV_series)
6255334	KBGH
12579409	Pedal_piano
22507565	Anisotropy_energy
31605069	Gina_M._Biegel
6627839	Stéphane_Le_Foll
12969443	Zedge
6425912	Harti_Weirather
24599538	Rosa_Medrano
30350511	All_Japan_Intercollegiate_Volleyball_Championship
29156098	Ty_Knott
5925048	David_Lewis_(politician)/Archive_1
21072161	Gregorio_José_de_Toro,_2nd_Count_of_la_Conquista
13791875	Salt_Creek_Township,_Monroe_County,_Indiana
41120931	Tamar_of_Imereti
20757711	Stord_Sunnhordland_F.K.
26757072	Mangelia_lineorosata
1070907	Jacklyn_Lick
9018634	Víctor_Laplace
10627901	Jaromír_Weinberger
28391281	Ivnica
31087421	Loxosceles_deserta
42356807	Glenn_MacDonald
16898779	Clarinet_Concerto_No._2_(Weber)
21358119	Radio_in_Honduras
43075680	Hero_of_Tomorrow
47522438	Buddhism_in_Burma
14347045	Facility_Registry_System
23037416	Elena_Makarova
1588210	Assassins
34807776	Chris_Kettings
23065393	Carlo_Tavagnutti
20495240	Wax_(disambiguation)
38327988	Silver_Lode
42947971	Pedro_Munhoz
45554670	Netherlands_at_the_2015_World_Single_Distance_Speed_Skating_Championships
6755933	Alfred_Freiherr_von_Oppenheim
34496966	Daniel_Barrett_(visual_effects_supervisor)
43484661	Charltona_atrifascialis
20262827	Bundeskanzleramt
40337527	1998–99_CF_Extremadura_season
45483666	Rigid_Hornwort
13054000	Cain_Hope_Felder
12592296	List_of_deemed_universities
24306708	William_P_Lord_High_School
11439481	Wereka_and_Batwin
17899037	7_Sevens.med_(EP)
24529915	Spore_Galactic_Adventures
38871769	Enayatabad,_Narmashir
18096526	Mondo_(scripture)
11103693	Tangra_2004/05
13837930	Sparkle_Lounge
28946834	Argent_Apartments
36250403	Mac_and_Mc_together
23508275	Angular_Recording_Corporation
42036310	Long_Haul
12328037	PEG_400
12302419	Columbus_Municipal_Airport
12501211	Oder-Spree
40164198	Sample_matrix_inversion
38491743	Christofer_Gonzáles
29371882	Utah_state_grass
45708819	People's_Suffrage_Federation
45453891	Oak_Glen,_California
36242099	List_of_MeSH_codes_(D20)
29120480	Miettunen_I_Cabinet
17526380	Semín
36982931	1999_Carlsberg_Cup
42492240	List_of_Japanese_role-playing_games_on_PC
23269041	It's_a_Mighty_World
14216562	Monodora_grandiflora
10616205	Laurence_Eusden
27095514	Serrata_boucheti
26928784	Gaelic_Journal
24894395	Ibadan_North-East
7880727	Longue_Vue_House_and_Gardens
9150826	Sverdrup_Islands
41025810	Kosut
196328	Albert_Sidney_Johnston
17927076	Paul_Marshall
19980936	Name_(disambiguation)
25294121	International_Friendship_Exhibition
32274798	Allons_à_Lafayette
34275763	Syntypistis_perdix
44872510	Svele
43070199	Rock_Eisteddfod_Challenge_results
26404777	Cork_Street_Fever_Hospital,_Dublin
19092395	DHEC_(disambiguation)
37035880	Henry_Odia
14173421	Jack_McDonald_(actor)
47154968	Hamaam
31039026	Donna_Love
29891809	Cameron_County_Courthouse_(1914)
6477746	Marco_Antonio_Palacios
2954224	Ashy-throated_parrotbill
23393797	The_Ride_Report
39888406	Cammaert
11247707	Rena_Mizunashi
19392929	Circuit_Court_of_Cook_County
9275729	Pierre_Bismuth
7736690	Whitlam_Square
29593170	Byron_Kim
7083185	Elatha
20745090	David_McConaughy_(college_president)
31969661	Hackenholt
8035086	DGK_Skateboards
9395509	Trottier_Middle_School
39449703	Lucas_Eguibar
27470742	Friday_Night_Lights_Vol._2_(television_soundtrack)
43653203	Brad_Howe
33255155	Oman_Botanic_Garden
40274524	List_of_Parks_and_Recreation_writers
5552326	Kvichak_Bay
15075366	Marlbrook,_Virginia
3530281	Jhabua_district
29086508	Judy_Torres
7199834	WinShell
39076371	Suchart_Thada-Thamrongvech
278619	Greene_County,_Illinois
32052859	Men's_Football_at_the_2003_South_Pacific_Games
47217422	William_Mair
46776735	Tip-enhanced_Raman_spectroscopy
39730656	Minuscule_597
18131859	Latent_typing
32659478	Theobald_Butler_of_Polestown
33925500	HMS_Pioneer_(R76)/GA1
1213974	The_Truman_Show
27224015	Vladimir_Ignjatijević
42215430	Dar_Al-Hekma_College
15747856	Sunfighter
44151260	Shyam_Sunder_(professor)
9064366	Upsilon_Sagittarii
47523918	Restaurants_Unlimited_Inc
19464900	Pedras_de_Maria_da_Cruz
37000055	KDRI
32958791	5th_Reserve_Officers'_Training_Corps_Brigade
10105125	Liberation_(1349_album)
39817569	Gennadiy_Golovkin
26919167	Proteus-like_syndrome
9241426	Churchyard
23629518	List_of_Norwegian_records_in_swimming
10138806	St_Mary's_Church,_Luton
46234572	Joplin,_Missouri_metropolitan_area
37953939	Polar_forests_of_the_Cretaceous
13974175	Persecution_of_Jehovah's_Witnesses_in_Canada
46947277	Platyclymeniidae
9212191	Oldman
1000989	Music_of_Murcia
22474759	M-32_(Michigan_highway)/GA1
10969269	Kermanshahis
21782979	St_Columbanus_School_(Bangor)
24021123	Horten_H.VI
15637690	Plainfeld
15767656	Talisman_Armored_Gun_Truck
21324101	William_Johnson_Stone
32444694	Maybe_I_should_have
43661336	Laranjeiro_e_Feijó
16057339	Charles_Nornable
25919971	Nkau
7313808	Hundertschaft
35655484	Wiesbaden-Erbenheim_station
40005436	Shirwell
17864713	Return_to_the_Field
46982296	Michael_J._Jackson_(actor)
4651588	Charles_Shaar_Murray
27623532	1955_NCAA_Men's_Basketball_All-Americans
41921600	Ramzan
10495413	In_the_Bathtub_of_the_World
15828524	Concatenation_(mathematics)
27662694	Shadowside
22853468	Hana_no_Na
31857740	Children_in_the_Israeli–Palestinian_conflict/Archive_3
27595265	Aurora_Wheel
44045906	ISO_8000
34807837	Wild_and_Crazy_Kids
43236943	I_Like_It_(Gerry_&_the_Pacemakers_song)
23760323	Joël_Bossis
38527115	Mordella_mediolineata
11948423	Robert_Patterson_Clark_Wilson
24635117	Ivanpah_Solar_Power_Facility
15143379	Bristol_Proteus
26039755	Pelplin_Abbey
10091384	Canoeing_at_the_2008_Summer_Olympics
17136403	Coldwater_River_(Ontario)
44720713	2007–08_Elitserien_(bandy)
10362747	Sergio_Arias
3876206	Steinhaus–Johnson–Trotter_algorithm
27092859	Loyal_Valley,_Texas
32431114	Derek_Cowen
42594986	People's_Movement_of_Ukraine_for_Unity
26263818	Mount_Matkin
42159216	Daria_Skrypnik
37516533	Durrani_dynasty
28772109	National_Division_One_2008-09
26773508	Felicena_dora
32773510	Seafield,_West_Lothian
44604775	Deşteptarea
30032366	Arts_portal
42233798	Jim_Toohey,_Jr.
40012432	McKinnon_(disambiguation)
44931483	Order_to_Malik_al-Ashtar
10091769	Portugal_at_the_2000_Summer_Olympics
39858357	German_submarine_U-92_(1942)
27299212	X_-_Ten
37017151	House_Move_Costs_UK
39569299	Frank_Tomlinson
42850495	Roller_hockey_(Quad)
32803341	PD-0298029
44954500	Teledyne_ISCO
11652834	Henry_Hugh_Armstead
24511276	Michael_Costello
31385256	Allansford_railway_station,_Victoria
44300724	RICC
15593833	Holy_Fellowship_Episcopal_Church_(Greenwood,_South_Dakota)
42191672	Ousséni_Yéyé
6268589	Colban,_Earl_of_Fife
6022096	Metro_Transit_Route_415
22186037	Bulma/Archive_1
33058244	Pontic_Greek_genocide/Archive_1
38153203	Marseille/Archives/2007/June
31003076	AIR_Mosaic
42437375	Gleninagh
11501794	Regatta_ferry_wharf
8490259	Waterloo_Maple
38585228	I_Don't_Give_A_(song)
43961832	Quotaism
40909734	Braille_pattern_dots-3456
9838688	Mackenrode,_Thuringia
20531028	Ferdinando_Cazzamalli
434349	379
12429103	Bell_state
39066464	Ryan_Hand
9870157	World-Wide_House
20377604	Kuku-Thaypan
44634480	Lunatic_Calm
2644804	Kyra_Phillips
38551977	Sams'd-Din,_Sultan_of_Kashmir
32662690	David_Ellis_(cricketer)
14977532	Naked_Women's_Wrestling_League
12677082	Kevin_Summers
25324044	Siecie-Wierzchocino_railway_station
12142664	China/Archive_4
3023982	Mount_Riverview
31107066	Way_of_the_Samurai_4
42115464	Free_Expression_Policy_Project/Archive_1
32233713	Kyle_Parker_(American_football)
10647309	Slaughter_Studios
42878937	Diorygma_microsporum
33847820	Kerry_Nietz
3267620	Extreme_Right
30950587	Indian_Institute_of_Pulse_Research
7119585	Buddhism/Archive_11
33824015	List_of_city_nicknames_in_Nevada
35582222	Paps_of_Jura
11828674	What_the_World_Needs_Now_Is_Love
18241666	HSD17B1
41049148	Fervidobacterium_changbaicum
33423588	Abdullah_Al-Disi
27999193	Frankenstein_80
20684222	Juan_Henríquez_de_Villalobos
14981380	Fred_Hassan
16124383	Thiéblemont-Farémont
27248294	Nicetas_of_Chonae
38518933	Nubian
6373575	Corey_Ivy
14891329	Bruno_Parovel
7315821	Headstones_(band)
20194656	The_Lakes,_Las_Vegas
8532430	Chris_Festa
13456971	Brienomyrus_hopkinsi
39282783	Alexandra_Park_Racecourse
42739343	William_John_Garnett
19262220	Wielka_droga
36443568	Chlorociboria_halonata
332247	Sonic_X
36063344	Óscar_Molina
29304098	Phyllonorycter_scabiosella
15800974	St._Mary's_Roman_Catholic_School,_Sunderland
6164641	Louisville_Gardens
17474768	Hallelujah_(Eurovision_song)
20495823	Wesołówka
21976783	Christelle_Daunay
13888543	List_of_ship_decommissionings_in_1985
37048185	Cephetola_maculata
30265397	Treffauer
34706893	Lab_Rats_(US_TV_series)
17082223	Rhyncholepis
6313224	Bradford_Bishop
38920708	Tolombeh-ye_Garuh_Shahid_Chamran
29169117	Zimri_(nation)
33466075	Joe_Heap
33363039	Frederic_Harton
38291728	Aq_Bolagh-e_Latgah
11191477	Terra_Feminarum
18182379	ST2_cardiac_biomarker
30248938	List_of_Christmas_hit_singles_in_the_United_Kingdom
14046398	Trans-cinnamate_2-monooxygenase
40450740	Wangfang,_Liling
14225165	Saproscincus
5740863	Ohio_Junior_Blue_Jackets
35393434	Phoenix_Public_Transportation
34817048	Nurses_on_the_Line:_The_Crash_of_Flight_7
23071382	Denys_Tourtchenkov
38857740	O-phospho-L-seryl-tRNA:Cys-tRNA_synthase
25361780	Kerrier_District_Council_elections
44109900	Reema_Nagra
21844807	Waking_the_Dead_(novel)
31489535	Warmer_Than_Fire
31560792	Abderrahim_Qanir
7158650	Protest_Warrior/Archive_12
41515598	Greenfield_School_District
20378201	Köinge
41711088	Tolombeh-ye_Abdol_Hoseyn_Vahadi
26824814	Toryumon
18627969	Coralville_Lake
23032103	Régis_Gizavo
44449685	2014_Northeast_Conference_men's_soccer_season
31359926	White_Marmoset
29903713	From_the_Top_(The_Carpenters_album)
6425646	Harrison_Frazar
28156505	All-Ireland_Senior_B_Hurling_Championship_1974
6421481	David_IV_of_Georgia
27998410	Muehler_v._Mena
16259024	Perma-Bound
16720987	Yugan
22070603	December_1982_lunar_eclipse
24444813	Kirill_Romanov
15496806	Horitschon
18472380	Szczawin,_Lower_Silesian_Voivodeship
33645678	Hollidaysburg_Historic_District
6537361	Pierre_Cossette
21024819	Body_Talk_(Poison_song)
33997687	1999_Bovenkarspel_legionellosis_outbreak
6463294	Kathryn_Crosby
24173318	Karakan_Pine_Forest
37845952	Star_Winds
40386131	Asian_Film_Award_for_Best_Director
7460625	Billings_Logan_International_Airport
4513387	The_Scroll
27951792	John_Donaghy_(football_manager)
37963718	Black_Sea_roach
26213302	Commerson's_Dolphin
27258474	Shirley_Davidson
40489616	Sandstone_Retreat
24430604	Ti_Sento
29746676	Adelheid_(d._1313)
24743219	Minuscule_700
18182972	SUPT7L
20830874	Ozothamnus_expansifolius
16754101	Angelo_Nardi
43212848	Emma_Jensen
41065071	Paul_Kim_&_Sons
44802851	The_101_Ranch_(book)
42513537	The_Amaz
24017486	Nilpotent_ideal
35764960	Phragmataecia_sumatrensis
13377904	Peter_Kienast
15843246	Nokia_6680
41152299	Larzdeh
20262126	Buccleuch
25422002	Group_cohesiveness
6127201	Bonsai_Superstar
32408050	Land_of_the_Lost_(The_Freeze_album)
37683608	Alucita_ischalea
6596715	Johan_Van_Hecke
14663915	Kissing_bough
4418320	Blair_International_Baccalaureate_School
36043509	José_María_Martín_Domingo
10616621	Matthew_Griswold_(governor)
17821235	Parkhi
44576312	Luigi_Bruschelli
31378871	Anthony_Shumaker
10550804	HMS_Argenta
37585693	John_O'Brien_(footballer)
3942563	Prometheus_(tree)
38136615	Nemacheilus_petrubanarescui
1687914	Brock_Lesnar
30390615	Galician_Academy_of_the_Portuguese_Language
24122600	Enid_Blyton_(film)
19988931	Giorgio_(song)
28041290	Albany_Municipal_Airport_(Texas)
22175144	Circumbinary_planet
11345577	Fontana-on-Geneva_Lake,_Wisconsin
30844863	Corazón_Prohibido
14892323	Boyd_Converse
39677386	Rhyzodiastes_burnsi
14652845	Lady_Down_Quarry
18170568	John_Chapman
5594674	Hondo_City
39274796	Sangshekan
2093590	Celephaïs
14184246	Paulin_Freitas
3151155	Heiðrún
29331093	England_at_the_1994_Commonwealth_Games
10514822	Daniel_Appleton
1688567	Come_as_You_Are_(song)
36315961	Pennsylvania_gubernatorial_election,_1823
30469933	Chaco_Side-necked_Turtle
10198848	Israeli_legislative_election,_1981
10007145	South_Australian_Grade_Cricket_League
30673427	Willem_van_Diest
29779218	Bremerton_School_District
47269829	NC700SA
35856190	Sunny_Sanwar
37686416	Poet_Li_Bai
43313642	Hemidactylus_hunae
24207237	Cek
10814848	George_Stacey
37595287	1987_World_Marathon_Cup
45078008	Disputes_in_English_grammar/Archive_1
36167655	Jedward_discography
17681684	Mauschbach
23226546	Bergmann_Battalion
41067766	Wilyakali
37223864	Synuchus_gravidus
37036069	Angry_Birds/Archive_1
11181830	William_Whitaker_(geologist)
3769150	Midhat_Mursi
32061691	Melandsjøen
21930967	Peter_Cornell
14553669	Vivencio_Cuyugan
47448303	Exeter_Airport_(United_States)
17779797	Lendvajakabfa
13027522	(Oh_Baby_Mine)_I_Get_So_Lonely
37666284	Zaratha_mesonyctia
34974981	Sakib/GA1
15646971	The_Beach_School
22681519	Williston_Negotiation_Competition
43525398	Ricoh_CX1
27806043	Yatsenyuk's_Front_for_Change
35263098	5_July_2011_Taji_bombings
13102060	Keith_Jebb
35325371	Records_in_Spain_Football
35648058	Around_The_Clock_(Nothing's_Carved_in_Stone_Single)
25636101	Picnic_-_A_Breath_of_Fresh_Air
37797101	Emiliano_Grillo
46466282	Glynn,_United_States_Virgin_Islands
26647681	Orcustus_(album)
36665230	Tameka_Williams
11918416	Birds_of_Avalon
38514607	Grămeşti
35524870	Uppada
47087961	Clivina_coronata
47167424	Atelodesmis_unicolor
46636868	Alliance_for_a_Triumphant_Benin
20411883	Alexander_Iolas
20347790	ITSO
37064195	Freelance_Animators_New_Zealand
8437206	Brushy_Bill_Roberts
31750341	United_States-Samoa_relations
42569657	True_North:_Discover_Your_Authentic_Leadership
35150336	Ampapuram
30576398	Breaktime_(novel)
38435316	Chulak_Qapanuri
12833501	Vehicle-to-grid
24496503	Dudley_Ryder,_Viscount_Sandon
5097278	Funeral_Blues
39606266	National_Document_Fraud_Unit
28595962	Czech_International
14258089	Jack_Parker_(speedway_rider)
19931986	Acanthomintha_ilicifolia
22278718	Buncton
3197631	Charvak
23251735	Orange_Walk/version_2
24691477	Sinai_Temple_(Los_Angeles)
5587807	American_Falcon
30417011	MS_Song_of_America
33134527	The_One_With_the_Thumb
15177764	Indonesian_legislative_election,_1955
8405306	Augustyn_Kordecki
20801451	The_Market_(TV_series)
24002228	Gyzyletrek
41414375	USS_Arch
34249859	List_of_UK_Indie_Chart_number-one_albums_of_2012
4855409	Arvanites/Archive_4
44363795	Megan_Dehn
39163652	Adenocarpus_viscosus
30684764	Havel_Canal
29223886	Triumph_(Nigeria)
39004891	Juzurak
44204581	George_Herbert_Swift_Jr
46639463	Baptist_Bible_College_&_Seminary
38010158	Eastside_Baptist_Church
44749127	The_Dress_Rehearsal
44791482	Gamecock_Barracks
6474200	Luc_Mesadieu
30374948	Tiffany_Jones
8590307	Law_Enforcement_Purple_Heart
44366332	Patissa_fulvicepsalis
8490524	Confidencen
46211277	Aluminum_can
42684626	Raja_Handsome
45033009	Mecyna_quinquigera
6582102	National_Transport_Museum,_Bulgaria
4955372	Nodes_of_Yesod
1688800	Musée_National_d'Art_Moderne
17725445	HMS_Star
8637117	Djamaluddin_Adinegoro
4960205	How_to_Be_a_..._Zillionaire!
6770111	Just_Detention_International
32631843	Rejaf
13319685	M._Shepard
24740335	Pilot_(The_X-Files)/GA1
20458141	Sokola
38114773	Balaesang_language
9816657	Archbishop_Holgate's_School
6291003	Alexander_McQueen
26989430	Buccinum_nivale
9880583	Thames_Christian_College
5921557	Katsudon
36142269	Stelică_Morcov
21816016	Boxing_at_the_2008_Summer_Olympics_-_Bantamweight
26506585	Look_at_Me_(I'm_in_Love)
18956952	WIBF
16126623	Bonboillon
2920716	Lhoba_people
27974934	1977_Oklahoma_Sooners_football_team
43031225	WDFH_(defunct)
47577223	Gelechia_albisparsella
9809613	Sinfin_North_railway_station
26925926	State_Council_(Russia)
6930155	Alina_Kozich
17675360	Wijdemeren
46197287	American_International_School_of_Jeddah
31492543	Bashtown
20446926	Sajik-dong
18678053	Cleveland_in_the_Civil_War
10639332	Vorarephilia/Archive_1
27125648	Aaron_Zebede
10364969	Solomon_Volkov
14178863	Adderstone_with_Lucker
20879919	Megatron_(engine)
25770633	604_Harbourfront
24288522	Gymnastics_at_the_1924_Summer_Olympics_-_Men's_rings
38054594	John_Craig_Freeman
2474944	Smooth_Flow_beer
33214262	Walter_Melrose
9458036	Lacey_Township,_New_Jersey
37301700	Best_Western_Royal_George_Hotel
17288091	Codex_Cospi
2234194	Dacian_mythology
47240683	New_Nation_Coalition
39777948	List_of_People's_Heroes_of_Yugoslavia_monuments_in_Macedonia
25333552	Semiomphalina
40812577	Claude_Neal
38522243	Aatma_(film)
29763216	Claudine_Rhédey_von_Kis-Rhéde
2619405	Swiss_Air_Force
13879530	Somatotopic_arrangement
20858117	Leni_Riefenstahl's_Memoiren
29139140	Jesus_before_Christianity
1871199	Katarzyna_Tomicka
38105994	Francis_Marbury/GA1
23436551	Shiloh_Indian_Mounds_Site
17833426	Balatonberény
6446852	Jim_Green_(councilman)
14912156	Halifax_North
39938388	British_campaign_in_the_Baltic_(1918–1919)
29697761	Phyllonorycter_aeriferella
38909747	HMS_Essington_(K353)
40042905	1958_(song)
14968835	Ballymacelligott
35596305	WBZL
6386017	David_Swift_(actor)
38772083	Medial_intercondylar_tubercle
36411115	Diana_Pullein-Thompson
10479595	Adrien-François_Servais
36979414	Neuso_Sigauque
26821845	Stanley_Island_(Queensland)
27305157	Ljubo_Jurcic
6732882	Joan_M._Hussey
32440463	Miss_France_2009
3715524	Battle_of_Mount_Longdon
21709250	Frank_Kovanda
6474880	Luisa_Castro
12315420	Ilya_Bolotowsky
8965730	Atlanta_Black_Crackers
30691981	Andrea_Shundi
24323786	New_South_Wales_Rugby_Football_League_season_1918
19201520	1998_Tennis_Channel_Open
35781572	Zardan
17092806	Ireland_national_football_team_(1882-1950)
22245804	Claytonia_cordifolia
26963767	"Virgin_Ground"
32407523	Shangani_Patrol_(soundtrack_album)
24104923	War_Against_the_Bandits
47508285	Baudex
18156731	Brent_Bozell
44745851	Input_(talk_show)
25998479	1927-1931_Southern_Oregon_Raiders_football_teams
31183743	Burcht_van_Leiden
24629165	Tiit_Tikerpe
10776479	Lotus_19
34381738	Lesley_Gore:_It's_My_Party
18213384	Bird_shot
17948320	Franklin_Township,_Indiana
18295948	Ryūtsū_Center_Station
6171746	President_of_the_Republic_of_Texas
16996312	Sunningdale_Ridge
28220707	Sir_John_Keane,_1st_Baronet
36764360	16th_Vanier_Cup
5193445	Curtis_Publishing_Company
36433703	Nicolaes_de_Bruyn
23897927	Australian_cricket_team_in_Australia_in_1958–59
12194833	Infected_(song)
21558365	Ralph_Prouton
15662055	Tonga_baskets
12287149	FLOX
47576396	Ukhra_Mahanta_Asthal
11958856	Irena_Sznajder
31941250	Eoin_Cotter
10620542	Vorticity_equation
40881564	USS_Diachenko_(LPR-123)
6022017	Bill_Fahey
30794478	StandBy_Records
27263513	Las_Esquinas
46903713	Red_Cab_to_Manhattan
36686461	Fly_from_Here_(song_series)
16038995	1911_Detroit_Tigers_season
8269018	Indo-European_s-mobile
20630456	İsgəndərli,_Shamkir
28176767	Benjamin_Jacob
23227617	John_Morrison_(disambiguation)
36281100	Justly_Hill
3846013	Sinigrin
13549630	Nicole_Petallides
45175921	Juan_Aurich_(1996–2004)
34178321	Dasbiyo
29346886	Neil_Howe
21901213	Mary_Josephine_Booth_(1876-1965)
115317	Time_(magazine)
40241714	Mauritius_at_the_2013_World_Championships_in_Athletics
10558219	William_Couper_(sculptor)
33213294	Christian_College_of_America
35673210	Mogral_River
16180601	Ferrero_SpA/Comments
26116741	São_João_Evangelista
10578058	Thomas_Shuldham_O'Halloran
26287638	Abdullah_el-Faisal/Archive_index
22933846	Zalewska_Góra
42274357	159th_Liaison_Squadron
33948207	Laura_Folch
41330107	Fly_to_Your_Heart
23078437	Dick_Yoder
5871655	Bengal_Presidency
6939548	Chris_Driscoll
11048166	Trends_in_Analytical_Chemistry
39151756	2012_ANZAC_Test
24905162	Obizzo_III_d'Este
40615406	Vinaq
8319067	Bedsit
40224440	1920_Uruguayan_Primera_División_season
38730212	Ismailli_Rayon
33501908	Ninh_Bình_F.C.
18206332	Foresterhill
41883624	Battle_of_Höchst_(1795)
38701001	Sinocyclocheilus_angustiporus
7526672	Glenfield_railway_station,_Sydney
40614153	Edward_of_Angoulême
12929284	Xylopia_richardii
6885288	Dommeldange
14500778	Three_Blind_Mice_(radio_play_and_short_story)
41452801	Sceptre_Banksia
12935256	Bigger_Than_Us
44504830	Henry_Gerbault
44365493	Martin_Creek_Trail
20964605	Norwegian_Bandy_Premier_League_1996–97
42990143	Gottorfer_Codex
20426730	Paisa_(disambiguation)
35039892	Wild_West_Express_Coaster
6520564	Patricia_McKillop
39966417	Dugdale
32499305	Black_Caiman
14641407	BBC_Overseas_Sports_Personality_of_the_Year
27076297	Calliostoma_boucheti
24278077	Historical_outline_of_Colorado
28059536	William_Holdrum_House
40436086	William_I,_Duke_of_Normandy
33300754	Tremont_Baptist_Church
37596574	George_Sabra
47405136	Julia_Lee_Niebergall
13903009	Wool_classing
24074930	V._K._Krishnamurthy
38454921	Emamzadeh_Esmail,_Hamadan
8072777	Trichopoda
39944690	Hala_sportova_(Kruševac)
13870176	2002_Road_America_500
43526613	Selmer_W._Gunderson
35352797	Quebec_municipal_elections,_2005,_results_in_Bas-Saint-Laurent
30047700	Neopseustis
24259311	Magdalena_Środa
39372173	1935_Cuba_hurricane
20279055	Doctor_Strange_(disambiguation)
1952540	Portia_de_Rossi
23864854	Momoudou_Ceesay
13180077	Ah_Jook_Ku
43824723	S_S_Kolkebail
15262212	Mong_Khet_Township
10978473	Kerry_Keating
28035755	St._Barbara_Catholic_Church_(Namibia)
9575693	Monks_Park
31745371	The_Control_of_Nature_(book)
20862098	Fabrício_Ramos_Melo
38423925	The_Bird_with_the_Coppery,_Keen_Claws
27317046	Yuma_Nakayama_w/B.I.Shadow
23147568	Ruscombmanor_Township,_Pennsylvania
27737333	Kleine_Höfats
34350029	Garmurt-e_Ramazanabad
42660809	Terrors_from_the_skies
25475597	Manteiga-da-terra
2776750	Eugenics_in_Japan
28263033	Andrew_Robinson_(Neighbours)/Archives/2010/July
22076757	Elections_in_Oklahoma
28404520	Vardište
8546223	American_liberalism/Archive
37658672	Fareeq_Mushbir
44561628	Francis_Neale_(MP)
26396601	Baltachevsky_District
29482958	McPherson_Sentinel
5877675	Virman_Vunderbarr
11681624	1986_Dallas_Cowboys_season
8811232	Pierre_et_Gilles
34114809	100_Hours
39979252	Hürlimann
4893064	LG_Card
6864380	Irish_Car_Bomb
10232546	KDOS-LP
6568276	Ron_Rosenbaum
10521501	Laya_Raki
26111328	Only_Old_Men_Are_Going_to_Battle
20465310	The_Five_Cities_of_June
19091424	Yousuf_Rahman
38652162	Flemish/Archive_2
295869	Rosetta_Project
10651148	Homer_Augustus_Nelson
39209213	No._1_(Teen_Top_album)
30187185	457_U.S._202
7716051	Timpani/to_do
36510408	Chakrane
17606107	Nising
46799930	Genetically_modified_canola
16253273	Hanoi_National_University_of_Education
21902084	Sabine_Bethmann
26483070	Mamilius
39895732	Lafrenz
39989396	Loktionov
31140100	Moshidora_(film)
39275500	Abram's_Covenant
31795607	United_States_Navy_Department
1759427	Ice_hockey_at_the_1936_Winter_Olympics
28317363	Alvania_franseni
27875980	Grindstone_Road
44555544	Escape_from_Crime
31871529	Independent_Greens_of_Virginia/Archive_2
7881396	Sergeant_Yates
41295456	Anti-Japanese_sentiment_in_Korea/Archive_2
26424306	Breaking_Curfew_(Red_Rider_album)
6175083	K20EC
18815956	Dieter_Korn
42855263	Herring_Gull
29938901	Maybee_Village_Hall
33511800	(65782)_1995_UG
10502268	Jan_Opaliński_(1546–1598)
4250910	Chinatown,_Singapore
34901239	Granollers_Museum
42320116	Binary_data
21936295	Rachelle_Viinberg
11900802	Sylvester_C._Smith
10496223	Poor_White_Trash
41515012	Pacita_MG_railway_station
42850713	Blue_Quail
41923339	1923–24_Wisconsin_Badgers_men's_basketball_team
35240672	Waterford_Township,_New_Jersey/GA1
33154920	Bazman_District
22565833	Ting-Ting_Hu
6580708	Freedom_Fighters_(song)
21233710	Pink_8_Ball
9173826	Charles_Chamberland
23171771	WMIN
8865161	Robert_Symonette
17714376	Oktyabrskaya_(Koltsevaya_Line)
41493568	List_of_Fellows_of_the_Royal_Society_elected_in_1695
28173145	NTSC/Archive_1
9862950	Bear_Paw_Ski_Bowl
27672850	I_Should've_Known_Better
31677076	Robertson_High_School
27635683	Dried_blood_spot
32314434	Vismodegib
36410695	David_R._Jones_(organizer)
16146425	Cuvergnon
24623132	Vanja_Drach
11588591	Unidare_RFC
40572890	Tang_Shah,_Khuzestan
14598788	Dutchland
18227582	Ozalj_Castle
35999311	Lauryn_Eagle
38242008	Fatale_(Broadway_Comics)
16434069	The_Velvets
16894492	Trifanul_River
31843909	Sabine_Bischoff
25635481	Montparnasse_-_Bienvenüe_(Paris_Métro)
22015833	Robert_Margouleff
20434106	Poplar_Creek
5405764	1969_in_country_music
1761074	National_Collegiate_women's_ice_hockey_championship
12649874	Marietta_(Glenn_Dale,_Maryland)
23273101	Ceanothus_verrucosus
7821588	Black_Hills_State_University
20842502	Mandeville_Aerodrome
27314631	Volodymyr_Ploskina
35785222	Koalemos
29051578	Marcus_Oldham_College
45265694	S._Alam_Group_of_Industries
15248003	Enzo_Riccardo_Campagnolo
36381920	Japanese_martial_arts/Archive_1
15004856	Military_history_of_the_Old_Swiss_Confederacy
39437363	Raed_Zidan
15324372	Jean-Jacques_Archambault
37244198	Portsmouth_Pirates
20091628	KWSU
14192465	Connington
9570692	Banco_Atlántico
42687458	Chinese_reunification
30807151	Southwestern_Cape_Barren_Goose
14882145	OR10G8
4936363	Remote_control_(computing)
29746515	Alonzo_G._Brown
12377587	Richard_Dennis_(footballer)
18193053	St._pius_girls_national_school
33760278	Agh_Bolagh
25761707	Transcendental_Meditation/fees
22956232	Zimochowiec
36439785	Jim_Cain_(tackle)
37097633	Meinhard_I,_Count_of_Gorizia
14938726	Thomas_Law_House
10757702	Jean_Fourastié
25977689	Grimser's_collared_lizard
44226497	The_New_York_Times_Fiction_Best_Sellers_of_1972
47086503	William_Coote
38737418	Gauche_prolétarienne
15694925	Praktica
34885765	Wood_Green_High_School
1976503	Gabriele_d'Annuncio
44911615	Łowkowice
29355372	Portsmouth_Abbey
46577257	EPCIS
38358493	Michael_Ahearne
34729160	Ramnagar_College
27251562	Mujibur_and_Sirajul
1644522	Vinish
10562041	Gerald_Abrahams
11321995	Matt_Freeman_(Power_of_Five)
22922200	Tarmno
10972677	George_Carleton_(bishop)
38462001	Musculus_suspensorius_duodeni
37248081	Esapekka_Lappi
32309805	Lilakai_Julian_Neil
30298757	Chickahominy_(tribe)
44814213	Pelmorex
42430878	North_Africa_1941-43
1164210	Helvetica
20511132	You_Need_a_Mess_of_Help_to_Stand_Alone
33470153	Krupaja
10949824	Headnoise
15073028	Orleans,_New_York
13174872	Melgar_de_Tera
42919391	The_Fine_Print_and_other_Yarns
6536293	Petro_Vlahos
42115091	Geography_of_Prizren
43051186	Đuveč
15767597	Fartown,_Huddersfield
5524485	Juukou_B-Fighter
24141601	Climate_Change_Research_Centre
22932081	Mąki
7547273	Law,_Dundee
41196925	Netechma_miradora
6537212	Phyllis_Starkey
34832884	Yi_Su-hyung
26523688	So_True_(The_Black_Seeds_song)
42837497	John_Phillip_Boehm
36556517	West_Kensington,_Philadelphia,_Pennsylvania
22392724	Momma_Mia
25313875	Ferzikovo
43609347	Umudike
44602164	Joe_Mullaney_(actor)
22557434	Hymnal
39620264	Puebla_FC_Reserves
44522697	Constituency_PK-44_(Abbottabad-I)
30584952	Weymouth_Museum
21374248	Sonny_Boswell
29384870	2010_Golden_Spin_of_Zagreb
17167371	Steve_Hall_(rugby_league)
46185007	Georgia_Institute_of_Technology_School_of_Computational_Science_&_Engineering
38359749	Weyl–Schouten_theorem
40919526	Bulldog_Drummond/GA1
6045232	RoboCop:_Prime_Directives
13184061	Hot_Spot_(song)
41785658	K-44_(Kansas_highway)
23310141	Bergen_byleksikon
22941435	Grabice,_Opole_Voivodeship
37827461	Afroarctia_dargei
27243112	Jack_Popplewell
44605391	Telecommunications_Act_1997
